<?xml version="1.0" encoding="utf-8"?>
<familyset version="22">

    <family name="sans-serif">
        <font weight="100" style="normal">SF-Pro-Display-Ultralight.ttf</font>
        <font weight="100" style="italic">SF-Pro-Display-UltralightItalic.ttf</font>
        <font weight="300" style="normal">SF-Pro-Display-Light.ttf</font>
        <font weight="300" style="italic">SF-Pro-Display-LightItalic.ttf</font>
        <font weight="400" style="normal">SF-Pro-Display-Regular.ttf</font>
        <font weight="400" style="italic">SF-Pro-Display-RegularItalic.ttf</font>
        <font weight="500" style="normal">SF-Pro-Display-Medium.ttf</font>
        <font weight="500" style="italic">SF-Pro-Display-MediumItalic.ttf</font>
        <font weight="900" style="normal">SF-Pro-Display-Black.ttf</font>
        <font weight="900" style="italic">SF-Pro-Display-BlackItalic.ttf</font>
        <font weight="700" style="normal">SF-Pro-Display-Bold.ttf</font>
        <font weight="700" style="italic">SF-Pro-Display-BoldItalic.ttf</font>
    </family>

    <family name="monospace">
        <font weight="400" style="normal">SFMono-Regular.ttf</font>
    </family>
</familyset>
